{
  "recall_fraud": 0.759493670886076,
  "f1_fraud": 0.3287671232876712,
  "roc_auc": 0.8653212119901847,
  "accuracy": 0.804
}