{
  "recall_fraud": 0.7468354430379747,
  "f1_fraud": 0.3400576368876081,
  "roc_auc": 0.8669318660887049,
  "accuracy": 0.8168
}